,date,ct,dt,ct_ma,dt_ma
0,2020-02-01,5,0,,
1,2020-02-02,0,0,,
2,2020-02-03,0,0,,
3,2020-02-04,2,0,,
4,2020-02-05,1,0,,
5,2020-02-06,0,0,,
6,2020-02-07,0,0,1.1428571428571428,0.0
7,2020-02-08,1,0,0.5714285714285714,0.0
8,2020-02-09,0,0,0.5714285714285714,0.0
9,2020-02-10,2,0,0.8571428571428571,0.0
10,2020-02-11,1,0,0.7142857142857143,0.0
11,2020-02-12,1,0,0.7142857142857143,0.0
12,2020-02-13,5,1,1.4285714285714286,0.14285714285714285
13,2020-02-14,10,0,2.857142857142857,0.14285714285714285
14,2020-02-15,11,0,4.285714285714286,0.14285714285714285
15,2020-02-16,6,0,5.142857142857143,0.14285714285714285
16,2020-02-17,7,0,5.857142857142857,0.14285714285714285
17,2020-02-18,12,1,7.428571428571429,0.2857142857142857
18,2020-02-19,6,0,8.142857142857142,0.2857142857142857
19,2020-02-20,10,0,8.857142857142858,0.14285714285714285
20,2020-02-21,17,0,9.857142857142858,0.14285714285714285
21,2020-02-22,25,0,11.857142857142858,0.14285714285714285
22,2020-02-23,12,0,12.714285714285714,0.14285714285714285
23,2020-02-24,11,0,13.285714285714286,0.14285714285714285
24,2020-02-25,13,1,13.428571428571429,0.14285714285714285
25,2020-02-26,19,0,15.285714285714286,0.14285714285714285
26,2020-02-27,26,1,17.571428571428573,0.2857142857142857
27,2020-02-28,18,1,17.714285714285715,0.42857142857142855
28,2020-02-29,9,1,15.428571428571429,0.5714285714285714
29,2020-03-01,14,0,15.714285714285714,0.5714285714285714
30,2020-03-02,19,0,16.857142857142858,0.5714285714285714
31,2020-03-03,20,0,17.857142857142858,0.42857142857142855
32,2020-03-04,35,1,20.142857142857142,0.5714285714285714
33,2020-03-05,32,0,21.0,0.42857142857142855
34,2020-03-06,55,0,26.285714285714285,0.2857142857142857
35,2020-03-07,46,0,31.571428571428573,0.14285714285714285
36,2020-03-08,33,1,34.285714285714285,0.2857142857142857
37,2020-03-09,28,2,35.57142857142857,0.5714285714285714
38,2020-03-10,58,3,41.0,1.0
39,2020-03-11,55,2,43.857142857142854,1.1428571428571428
40,2020-03-12,56,4,47.285714285714285,1.7142857142857142
41,2020-03-13,37,2,44.714285714285715,2.0
42,2020-03-14,62,1,47.0,2.142857142857143
43,2020-03-15,31,2,46.714285714285715,2.2857142857142856
44,2020-03-16,17,6,45.142857142857146,2.857142857142857
45,2020-03-17,50,0,44.0,2.4285714285714284
46,2020-03-18,35,2,41.142857142857146,2.4285714285714284
47,2020-03-19,40,1,38.857142857142854,2.0
48,2020-03-20,54,1,41.285714285714285,1.8571428571428572
49,2020-03-21,37,2,37.714285714285715,2.0
50,2020-03-22,45,4,39.714285714285715,2.2857142857142856
51,2020-03-23,40,1,43.0,1.5714285714285714
52,2020-03-24,73,1,46.285714285714285,1.7142857142857142
53,2020-03-25,97,3,55.142857142857146,1.8571428571428572
54,2020-03-26,102,2,64.0,2.0
55,2020-03-27,114,6,72.57142857142857,2.7142857142857144
56,2020-03-28,198,3,95.57142857142857,2.857142857142857
57,2020-03-29,179,7,114.71428571428571,3.2857142857142856
58,2020-03-30,94,2,122.42857142857143,3.4285714285714284
59,2020-03-31,254,2,148.28571428571428,3.5714285714285716
60,2020-04-01,280,5,174.42857142857142,3.857142857142857
61,2020-04-02,283,3,200.28571428571428,4.0
62,2020-04-03,336,6,232.0,4.0
63,2020-04-04,371,6,256.7142857142857,4.428571428571429
64,2020-04-05,351,6,281.2857142857143,4.285714285714286
65,2020-04-06,234,3,301.2857142857143,4.428571428571429
66,2020-04-07,375,2,318.57142857142856,4.428571428571429
67,2020-04-08,535,7,355.0,4.714285714285714
68,2020-04-09,594,8,399.42857142857144,5.428571428571429
69,2020-04-10,636,12,442.2857142857143,6.285714285714286
70,2020-04-11,701,13,489.42857142857144,7.285714285714286
71,2020-04-12,522,9,513.8571428571429,7.714285714285714
72,2020-04-13,300,9,523.2857142857143,8.571428571428571
73,2020-04-14,504,14,541.7142857142857,10.285714285714286
74,2020-04-15,558,16,545.0,11.571428571428571
75,2020-04-16,563,18,540.5714285714286,13.0
76,2020-04-17,560,13,529.7142857142857,13.142857142857142
77,2020-04-18,590,19,513.8571428571429,14.0
78,2020-04-19,366,19,491.57142857142856,15.428571428571429
79,2020-04-20,344,20,497.85714285714283,17.0
80,2020-04-21,383,28,480.57142857142856,19.0
81,2020-04-22,396,20,457.42857142857144,19.571428571428573
82,2020-04-23,432,28,438.7142857142857,21.0
83,2020-04-24,385,9,413.7142857142857,20.428571428571427
84,2020-04-25,332,19,376.85714285714283,20.428571428571427
85,2020-04-26,219,16,355.85714285714283,20.0
86,2020-04-27,171,22,331.14285714285717,20.285714285714285
87,2020-04-28,284,19,317.0,19.0
88,2020-04-29,216,18,291.2857142857143,18.714285714285715
89,2020-04-30,208,27,259.2857142857143,18.571428571428573
90,2020-05-01,274,29,243.42857142857142,21.428571428571427
91,2020-05-02,303,26,239.28571428571428,22.428571428571427
92,2020-05-03,200,24,236.57142857142858,23.571428571428573
93,2020-05-04,168,22,236.14285714285714,23.571428571428573
94,2020-05-05,125,11,213.42857142857142,22.428571428571427
95,2020-05-06,101,12,197.0,21.571428571428573
96,2020-05-07,98,12,181.28571428571428,19.428571428571427
97,2020-05-08,87,17,154.57142857142858,17.714285714285715
98,2020-05-09,115,20,127.71428571428571,16.857142857142858
99,2020-05-10,69,12,109.0,15.142857142857142
100,2020-05-11,37,19,90.28571428571429,14.714285714285714
101,2020-05-12,87,22,84.85714285714286,16.285714285714285
102,2020-05-13,50,19,77.57142857142857,17.285714285714285
103,2020-05-14,98,16,77.57142857142857,17.857142857142858
104,2020-05-15,52,18,72.57142857142857,18.0
105,2020-05-16,54,18,63.857142857142854,17.714285714285715
106,2020-05-17,24,9,57.42857142857143,17.285714285714285
107,2020-05-18,33,9,56.857142857142854,15.857142857142858
108,2020-05-19,28,9,48.42857142857143,14.0
109,2020-05-20,34,13,46.142857142857146,13.142857142857142
110,2020-05-21,41,8,38.0,12.0
111,2020-05-22,23,10,33.857142857142854,10.857142857142858
112,2020-05-23,25,9,29.714285714285715,9.571428571428571
113,2020-05-24,41,7,32.142857142857146,9.285714285714286
114,2020-05-25,21,5,30.428571428571427,8.714285714285714
115,2020-05-26,30,6,30.714285714285715,8.285714285714286
116,2020-05-27,26,7,29.571428571428573,7.428571428571429
117,2020-05-28,60,14,32.285714285714285,8.285714285714286
118,2020-05-29,73,6,39.42857142857143,7.714285714285714
119,2020-05-30,45,5,42.285714285714285,7.142857142857143
120,2020-05-31,35,3,41.42857142857143,6.571428571428571
121,2020-06-01,37,2,43.714285714285715,6.142857142857143
122,2020-06-02,51,3,46.714285714285715,5.714285714285714
123,2020-06-03,29,5,47.142857142857146,5.428571428571429
124,2020-06-04,44,5,44.857142857142854,4.142857142857143
125,2020-06-05,47,4,41.142857142857146,3.857142857142857
126,2020-06-06,46,2,41.285714285714285,3.4285714285714284
127,2020-06-07,38,0,41.714285714285715,3.0
128,2020-06-08,21,3,39.42857142857143,3.142857142857143
129,2020-06-09,45,1,38.57142857142857,2.857142857142857
130,2020-06-10,36,2,39.57142857142857,2.4285714285714284
131,2020-06-11,44,0,39.57142857142857,1.7142857142857142
132,2020-06-12,61,4,41.57142857142857,1.7142857142857142
133,2020-06-13,45,2,41.42857142857143,1.7142857142857142
134,2020-06-14,75,0,46.714285714285715,1.7142857142857142
135,2020-06-15,72,2,54.0,1.5714285714285714
136,2020-06-16,42,5,53.57142857142857,2.142857142857143
137,2020-06-17,46,1,55.0,2.0
138,2020-06-18,69,1,58.57142857142857,2.142857142857143
139,2020-06-19,61,19,58.57142857142857,4.285714285714286
140,2020-06-20,64,0,61.285714285714285,4.0
141,2020-06-21,55,1,58.42857142857143,4.142857142857143
142,2020-06-22,43,1,54.285714285714285,4.0
143,2020-06-23,57,4,56.42857142857143,3.857142857142857
144,2020-06-24,96,4,63.57142857142857,4.285714285714286
145,2020-06-25,82,2,65.42857142857143,4.428571428571429
146,2020-06-26,105,0,71.71428571428571,1.7142857142857142
147,2020-06-27,92,1,75.71428571428571,1.8571428571428572
148,2020-06-28,113,0,84.0,1.7142857142857142
149,2020-06-29,110,2,93.57142857142857,1.8571428571428572
150,2020-06-30,138,0,105.14285714285714,1.2857142857142858
151,2020-07-01,127,2,109.57142857142857,1.0
152,2020-07-02,194,1,125.57142857142857,0.8571428571428571
153,2020-07-03,250,0,146.28571428571428,0.8571428571428571
154,2020-07-04,274,0,172.28571428571428,0.7142857142857143
155,2020-07-05,208,0,185.85714285714286,0.7142857142857143
156,2020-07-06,176,1,195.28571428571428,0.5714285714285714
157,2020-07-07,208,2,205.28571428571428,0.8571428571428571
158,2020-07-08,207,2,216.71428571428572,0.8571428571428571
159,2020-07-09,355,0,239.71428571428572,0.7142857142857143
160,2020-07-10,430,0,265.42857142857144,0.7142857142857143
161,2020-07-11,386,1,281.42857142857144,0.8571428571428571
162,2020-07-12,407,0,309.85714285714283,0.8571428571428571
163,2020-07-13,259,1,321.7142857142857,0.8571428571428571
164,2020-07-14,333,0,339.57142857142856,0.5714285714285714
165,2020-07-15,450,1,374.2857142857143,0.42857142857142855
166,2020-07-16,624,0,412.7142857142857,0.42857142857142855
167,2020-07-17,597,0,436.57142857142856,0.42857142857142855
168,2020-07-18,661,1,475.85714285714283,0.42857142857142855
169,2020-07-19,511,0,490.7142857142857,0.42857142857142855
170,2020-07-20,418,2,513.4285714285714,0.5714285714285714
171,2020-07-21,632,1,556.1428571428571,0.7142857142857143
172,2020-07-22,795,1,605.4285714285714,0.7142857142857143
173,2020-07-23,981,2,656.4285714285714,1.0
174,2020-07-24,779,3,682.4285714285714,1.4285714285714286
175,2020-07-25,801,3,702.4285714285714,1.7142857142857142
176,2020-07-26,839,0,749.2857142857143,1.7142857142857142
177,2020-07-27,600,1,775.2857142857143,1.5714285714285714
178,2020-07-28,985,3,825.7142857142857,1.8571428571428572
179,2020-07-29,1270,4,893.5714285714286,2.2857142857142856
180,2020-07-30,1308,1,940.2857142857143,2.142857142857143
181,2020-07-31,1586,6,1055.5714285714287,2.5714285714285716
182,2020-08-01,1534,0,1160.2857142857142,2.142857142857143
183,2020-08-02,1331,0,1230.5714285714287,2.142857142857143
184,2020-08-03,965,5,1282.7142857142858,2.7142857142857144
185,2020-08-04,1246,5,1320.0,3.0
186,2020-08-05,1355,7,1332.142857142857,3.4285714285714284
187,2020-08-06,1485,6,1357.4285714285713,4.142857142857143
188,2020-08-07,1605,7,1360.142857142857,4.285714285714286
189,2020-08-08,1571,1,1365.4285714285713,4.428571428571429
190,2020-08-09,1441,5,1381.142857142857,5.142857142857143
191,2020-08-10,838,5,1363.0,5.142857142857143
192,2020-08-11,697,7,1284.5714285714287,5.428571428571429
193,2020-08-12,979,5,1230.857142857143,5.142857142857143
194,2020-08-13,1172,11,1186.142857142857,5.857142857142857
195,2020-08-14,1356,9,1150.5714285714287,6.142857142857143
196,2020-08-15,1231,7,1102.0,7.0
197,2020-08-16,1017,11,1041.4285714285713,7.857142857142857
198,2020-08-17,647,15,1014.1428571428571,9.285714285714286
199,2020-08-18,916,16,1045.4285714285713,10.571428571428571
200,2020-08-19,1070,14,1058.4285714285713,11.857142857142858
201,2020-08-20,1178,11,1059.2857142857142,11.857142857142858
202,2020-08-21,1037,15,1013.7142857142857,12.714285714285714
203,2020-08-22,984,6,978.4285714285714,12.571428571428571
204,2020-08-23,744,9,939.4285714285714,12.285714285714286
205,2020-08-24,493,13,917.4285714285714,12.0
206,2020-08-25,715,14,888.7142857142857,11.714285714285714
207,2020-08-26,903,13,864.8571428571429,11.571428571428571
208,2020-08-27,863,11,819.8571428571429,11.571428571428571
209,2020-08-28,876,20,796.8571428571429,12.285714285714286
210,2020-08-29,844,11,776.8571428571429,13.0
211,2020-08-30,600,14,756.2857142857143,13.714285714285714
212,2020-08-31,436,14,748.1428571428571,13.857142857142858
213,2020-09-01,633,14,736.4285714285714,13.857142857142858
214,2020-09-02,592,13,692.0,13.857142857142858
215,2020-09-03,657,8,662.5714285714286,13.428571428571429
216,2020-09-04,587,17,621.2857142857143,13.0
217,2020-09-05,598,9,586.1428571428571,12.714285714285714
218,2020-09-06,451,8,564.8571428571429,11.857142857142858
219,2020-09-07,291,11,544.1428571428571,11.428571428571429
220,2020-09-08,509,18,526.4285714285714,12.0
221,2020-09-09,508,14,514.4285714285714,12.142857142857142
222,2020-09-10,712,7,522.2857142857143,12.0
223,2020-09-11,642,9,530.1428571428571,10.857142857142858
224,2020-09-12,646,13,537.0,11.428571428571429
225,2020-09-13,439,6,535.2857142857143,11.142857142857142
226,2020-09-14,266,7,531.7142857142857,10.571428571428571
227,2020-09-15,531,13,534.8571428571429,9.857142857142858
228,2020-09-16,551,13,541.0,9.714285714285714
229,2020-09-17,489,9,509.14285714285717,10.0
230,2020-09-18,572,10,499.14285714285717,10.142857142857142
231,2020-09-19,596,4,492.0,8.857142857142858
232,2020-09-20,480,4,497.85714285714283,8.571428571428571
233,2020-09-21,310,7,504.14285714285717,8.571428571428571
234,2020-09-22,331,5,475.57142857142856,7.428571428571429
235,2020-09-23,219,6,428.14285714285717,6.428571428571429
236,2020-09-24,482,12,427.14285714285717,6.857142857142857
237,2020-09-25,573,7,427.2857142857143,6.428571428571429
238,2020-09-26,639,3,433.42857142857144,6.285714285714286
239,2020-09-27,485,3,434.14285714285717,6.142857142857143
240,2020-09-28,302,11,433.0,6.714285714285714
241,2020-09-29,527,7,461.0,7.0
242,2020-09-30,576,7,512.0,7.142857142857143
243,2020-10-01,633,8,533.5714285714286,6.571428571428571
244,2020-10-02,542,10,529.1428571428571,7.0
245,2020-10-03,574,6,519.8571428571429,7.428571428571429
246,2020-10-04,400,1,507.7142857142857,7.142857142857143
247,2020-10-05,279,4,504.42857142857144,6.142857142857143
248,2020-10-06,500,7,500.57142857142856,6.142857142857143
249,2020-10-07,506,5,490.57142857142856,5.857142857142857
250,2020-10-08,627,3,489.7142857142857,5.142857142857143
251,2020-10-09,603,6,498.42857142857144,4.571428571428571
252,2020-10-10,678,3,513.2857142857143,4.142857142857143
253,2020-10-11,436,2,518.4285714285714,4.285714285714286
254,2020-10-12,278,4,518.2857142857143,4.285714285714286
255,2020-10-13,498,4,518.0,3.857142857142857
256,2020-10-14,552,9,524.5714285714286,4.428571428571429
257,2020-10-15,708,3,536.1428571428571,4.428571428571429
258,2020-10-16,639,15,541.2857142857143,5.714285714285714
259,2020-10-17,623,6,533.4285714285714,6.142857142857143
260,2020-10-18,430,4,532.5714285714286,6.428571428571429
261,2020-10-19,316,2,538.0,6.142857142857143
262,2020-10-20,481,3,535.5714285714286,6.0
263,2020-10-21,615,7,544.5714285714286,5.714285714285714
264,2020-10-22,616,11,531.4285714285714,6.857142857142857
265,2020-10-23,745,12,546.5714285714286,6.428571428571429
266,2020-10-24,726,4,561.2857142857143,6.142857142857143
267,2020-10-25,493,6,570.2857142857143,6.428571428571429
268,2020-10-26,410,8,583.7142857142857,7.285714285714286
269,2020-10-27,646,5,607.2857142857143,7.571428571428571
270,2020-10-28,731,5,623.8571428571429,7.285714285714286
271,2020-10-29,808,10,651.2857142857143,7.142857142857143
272,2020-10-30,774,8,655.4285714285714,6.571428571428571
273,2020-10-31,877,14,677.0,8.0
274,2020-11-01,613,6,694.1428571428571,8.0
275,2020-11-02,487,12,705.1428571428571,8.571428571428571
276,2020-11-03,865,7,736.4285714285714,8.857142857142858
277,2020-11-04,624,4,721.1428571428571,8.714285714285714
278,2020-11-05,1048,9,755.4285714285714,8.571428571428571
279,2020-11-06,1143,4,808.1428571428571,8.0
280,2020-11-07,1333,5,873.2857142857143,6.714285714285714
281,2020-11-08,950,7,921.4285714285714,6.857142857142857
282,2020-11-09,780,12,963.2857142857143,6.857142857142857
283,2020-11-10,1283,15,1023.0,8.0
284,2020-11-11,1544,12,1154.4285714285713,9.142857142857142
285,2020-11-12,1659,10,1241.7142857142858,9.285714285714286
286,2020-11-13,1704,12,1321.857142857143,10.428571428571429
287,2020-11-14,1735,3,1379.2857142857142,10.142857142857142
288,2020-11-15,1439,7,1449.142857142857,10.142857142857142
289,2020-11-16,950,11,1473.4285714285713,10.0
290,2020-11-17,1700,14,1533.0,9.857142857142858
291,2020-11-18,2194,14,1625.857142857143,10.142857142857142
292,2020-11-19,2385,21,1729.5714285714287,11.714285714285714
293,2020-11-20,2421,14,1832.0,12.0
294,2020-11-21,2592,12,1954.4285714285713,13.285714285714286
295,2020-11-22,2159,7,2057.285714285714,13.285714285714286
296,2020-11-23,1518,8,2138.4285714285716,12.857142857142858
297,2020-11-24,1229,19,2071.1428571428573,13.571428571428571
298,2020-11-25,1942,21,2035.142857142857,14.571428571428571
299,2020-11-26,2500,29,2051.5714285714284,15.714285714285714
300,2020-11-27,2531,31,2067.285714285714,18.142857142857142
301,2020-11-28,2675,14,2079.1428571428573,18.428571428571427
302,2020-11-29,2062,16,2065.285714285714,19.714285714285715
303,2020-11-30,1436,26,2053.5714285714284,22.285714285714285
304,2020-12-01,2033,41,2168.4285714285716,25.428571428571427
305,2020-12-02,2432,32,2238.4285714285716,27.0
306,2020-12-03,2517,36,2240.8571428571427,28.0
307,2020-12-04,2452,45,2229.5714285714284,30.0
308,2020-12-05,2508,22,2205.714285714286,31.142857142857142
309,2020-12-06,2038,31,2202.285714285714,33.285714285714285
310,2020-12-07,1531,39,2215.8571428571427,35.142857142857146
311,2020-12-08,2176,47,2236.285714285714,36.0
312,2020-12-09,2810,42,2290.285714285714,37.42857142857143
313,2020-12-10,2969,26,2354.8571428571427,36.0
314,2020-12-11,2795,41,2403.8571428571427,35.42857142857143
315,2020-12-12,3037,28,2479.4285714285716,36.285714285714285
316,2020-12-13,2383,20,2528.714285714286,34.714285714285715
317,2020-12-14,1681,47,2550.1428571428573,35.857142857142854
318,2020-12-15,2426,53,2585.8571428571427,36.714285714285715
319,2020-12-16,2996,53,2612.4285714285716,38.285714285714285
320,2020-12-17,3209,38,2646.714285714286,40.0
321,2020-12-18,2837,48,2652.714285714286,41.0
322,2020-12-19,2989,40,2645.8571428571427,42.714285714285715
323,2020-12-20,2491,36,2661.285714285714,45.0
324,2020-12-21,1811,48,2679.8571428571427,45.142857142857146
325,2020-12-22,2694,48,2718.1428571428573,44.42857142857143
326,2020-12-23,3276,56,2758.1428571428573,44.857142857142854
327,2020-12-24,3746,54,2834.8571428571427,47.142857142857146
328,2020-12-25,3832,64,2977.0,49.42857142857143
329,2020-12-26,3885,47,3105.0,50.42857142857143
330,2020-12-27,2944,40,3169.714285714286,51.0
331,2020-12-28,2397,51,3253.4285714285716,51.42857142857143
332,2020-12-29,3627,59,3386.714285714286,53.0
333,2020-12-30,3871,59,3471.714285714286,53.42857142857143
334,2020-12-31,4532,49,3584.0,52.714285714285715
335,2021-01-01,3256,49,3501.714285714286,50.57142857142857
336,2021-01-02,3071,31,3385.4285714285716,48.285714285714285
337,2021-01-03,3166,60,3417.1428571428573,51.142857142857146
338,2021-01-04,3343,48,3552.285714285714,50.714285714285715
339,2021-01-05,4949,76,3741.1428571428573,53.142857142857146
340,2021-01-06,6049,65,4052.285714285714,54.0
341,2021-01-07,7642,64,4496.571428571428,56.142857142857146
342,2021-01-08,7957,78,5168.142857142857,60.285714285714285
343,2021-01-09,7854,59,5851.428571428572,64.28571428571429
344,2021-01-10,6108,45,6271.714285714285,62.142857142857146
345,2021-01-11,4906,48,6495.0,62.142857142857146
346,2021-01-12,4597,64,6444.714285714285,60.42857142857143
347,2021-01-13,5917,97,6425.857142857143,65.0
348,2021-01-14,6656,66,6285.0,65.28571428571429
349,2021-01-15,7173,78,6173.0,65.28571428571429
350,2021-01-16,7042,56,6057.0,64.85714285714286
351,2021-01-17,5760,49,6007.285714285715,65.42857142857143
352,2021-01-18,4937,58,6011.714285714285,66.85714285714286
353,2021-01-19,5335,104,6117.142857142857,72.57142857142857
354,2021-01-20,5562,92,6066.428571428572,71.85714285714286
355,2021-01-21,5664,94,5924.714285714285,75.85714285714286
356,2021-01-22,5057,108,5622.428571428572,80.14285714285714
357,2021-01-23,4726,83,5291.571428571428,84.0
358,2021-01-24,3990,56,5038.714285714285,85.0
359,2021-01-25,2763,74,4728.142857142857,87.28571428571429
360,2021-01-26,3853,104,4516.428571428572,87.28571428571429
361,2021-01-27,3974,90,4289.571428571428,87.0
362,2021-01-28,4131,113,4070.5714285714284,89.71428571428571
363,2021-01-29,3538,96,3853.5714285714284,88.0
364,2021-01-30,3342,91,3655.8571428571427,89.14285714285714
365,2021-01-31,2673,65,3467.714285714286,90.42857142857143
366,2021-02-01,1793,80,3329.1428571428573,91.28571428571429
367,2021-02-02,2324,119,3110.714285714286,93.42857142857143
368,2021-02-03,2634,120,2919.285714285714,97.71428571428571
369,2021-02-04,2578,104,2697.4285714285716,96.42857142857143
370,2021-02-05,2370,106,2530.5714285714284,97.85714285714286
371,2021-02-06,2277,94,2378.4285714285716,98.28571428571429
372,2021-02-07,1630,52,2229.4285714285716,96.42857142857143
373,2021-02-08,1217,83,2147.1428571428573,96.85714285714286
374,2021-02-09,1568,94,2039.142857142857,93.28571428571429
375,2021-02-10,1886,121,1932.2857142857142,93.42857142857143
376,2021-02-11,1690,78,1805.4285714285713,89.71428571428571
377,2021-02-12,1300,63,1652.5714285714287,83.57142857142857
378,2021-02-13,1360,65,1521.5714285714287,79.42857142857143
379,2021-02-14,1362,38,1483.2857142857142,77.42857142857143
380,2021-02-15,965,73,1447.2857142857142,76.0
381,2021-02-16,1308,101,1410.142857142857,77.0
382,2021-02-17,1448,79,1347.5714285714287,71.0
383,2021-02-18,1536,76,1325.5714285714287,70.71428571428571
384,2021-02-19,1301,66,1325.7142857142858,71.14285714285714
385,2021-02-20,1233,78,1307.5714285714287,73.0
386,2021-02-21,1032,50,1260.4285714285713,74.71428571428571
387,2021-02-22,740,56,1228.2857142857142,72.28571428571429
388,2021-02-23,1081,54,1195.857142857143,65.57142857142857
389,2021-02-24,921,69,1120.5714285714287,64.14285714285714
390,2021-02-25,1076,74,1054.857142857143,63.857142857142854
391,2021-02-26,1054,80,1019.5714285714286,65.85714285714286
392,2021-02-27,1213,41,1016.7142857142857,60.57142857142857
393,2021-02-28,999,30,1012.0,57.714285714285715
394,2021-03-01,698,51,1006.0,57.0
395,2021-03-02,888,65,978.4285714285714,58.57142857142857
396,2021-03-03,1243,63,1024.4285714285713,57.714285714285715
397,2021-03-04,1169,67,1037.7142857142858,56.714285714285715
398,2021-03-05,1148,55,1051.142857142857,53.142857142857146
399,2021-03-06,1043,40,1026.857142857143,53.0
400,2021-03-07,1071,24,1037.142857142857,52.142857142857146
401,2021-03-08,600,45,1023.1428571428571,51.285714285714285
402,2021-03-09,1127,58,1057.2857142857142,50.285714285714285
403,2021-03-10,1313,54,1067.2857142857142,49.0
404,2021-03-11,1317,45,1088.4285714285713,45.857142857142854
405,2021-03-12,1271,58,1106.0,46.285714285714285
406,2021-03-13,1319,51,1145.4285714285713,47.857142857142854
407,2021-03-14,987,22,1133.4285714285713,47.57142857142857
408,2021-03-15,695,38,1147.0,46.57142857142857
409,2021-03-16,1133,57,1147.857142857143,46.42857142857143
410,2021-03-17,1533,43,1179.2857142857142,44.857142857142854
411,2021-03-18,1497,32,1205.0,43.0
412,2021-03-19,1463,33,1232.4285714285713,39.42857142857143
413,2021-03-20,1516,19,1260.5714285714287,34.857142857142854
414,2021-03-21,1118,20,1279.2857142857142,34.57142857142857
415,2021-03-22,816,33,1296.5714285714287,33.857142857142854
416,2021-03-23,1500,53,1349.0,33.285714285714285
417,2021-03-24,1917,21,1403.857142857143,30.142857142857142
418,2021-03-25,1915,27,1463.5714285714287,29.428571428571427
419,2021-03-26,2025,33,1543.857142857143,29.428571428571427
420,2021-03-27,2071,32,1623.142857142857,31.285714285714285
421,2021-03-28,1782,29,1718.0,32.57142857142857
422,2021-03-29,1345,29,1793.5714285714287,32.0
423,2021-03-30,2087,33,1877.4285714285713,29.142857142857142
424,2021-03-31,2843,49,2009.7142857142858,33.142857142857146
425,2021-04-01,2605,18,2108.285714285714,31.857142857142858
426,2021-04-02,2754,22,2212.4285714285716,30.285714285714285
427,2021-04-03,2772,8,2312.5714285714284,26.857142857142858
428,2021-04-04,2467,12,2410.4285714285716,24.428571428571427
429,2021-04-05,1571,19,2442.714285714286,23.0
430,2021-04-06,2666,28,2525.4285714285716,22.285714285714285
431,2021-04-07,3448,30,2611.8571428571427,19.571428571428573
432,2021-04-08,3496,25,2739.1428571428573,20.571428571428573
433,2021-04-09,3488,27,2844.0,21.285714285714285
434,2021-04-10,3765,27,2985.8571428571427,24.0
435,2021-04-11,2836,17,3038.5714285714284,24.714285714285715
436,2021-04-12,2104,24,3114.714285714286,25.428571428571427
437,2021-04-13,3452,44,3227.0,27.714285714285715
438,2021-04-14,4307,34,3349.714285714286,28.285714285714285
439,2021-04-15,4569,35,3503.0,29.714285714285715
440,2021-04-16,4524,46,3651.0,32.42857142857143
441,2021-04-17,4793,41,3797.8571428571427,34.42857142857143
442,2021-04-18,4084,16,3976.1428571428573,34.285714285714285
443,2021-04-19,2903,30,4090.285714285714,35.142857142857146
444,2021-04-20,4350,45,4218.571428571428,35.285714285714285
445,2021-04-21,5286,50,4358.428571428572,37.57142857142857
446,2021-04-22,5492,42,4490.285714285715,38.57142857142857
447,2021-04-23,5104,56,4573.142857142857,40.0
448,2021-04-24,5595,54,4687.714285714285,41.857142857142854
449,2021-04-25,4599,51,4761.285714285715,46.857142857142854
450,2021-04-26,3314,35,4820.0,47.57142857142857
451,2021-04-27,4961,63,4907.285714285715,50.142857142857146
452,2021-04-28,5783,51,4978.285714285715,50.285714285714285
453,2021-04-29,5913,78,5038.428571428572,55.42857142857143
454,2021-04-30,4684,39,4978.428571428572,53.0
455,2021-05-01,5983,83,5033.857142857143,57.142857142857146
456,2021-05-02,5890,61,5218.285714285715,58.57142857142857
457,2021-05-03,4464,49,5382.571428571428,60.57142857142857
458,2021-05-04,4190,50,5272.428571428572,58.714285714285715
459,2021-05-05,4060,60,5026.285714285715,60.0
460,2021-05-06,4370,65,4805.857142857143,58.142857142857146
461,2021-05-07,6050,148,5001.0,73.71428571428571
462,2021-05-08,7238,86,5180.285714285715,74.14285714285714
463,2021-05-09,6484,65,5265.142857142857,74.71428571428571
464,2021-05-10,4940,71,5333.142857142857,77.85714285714286
465,2021-05-11,6235,113,5625.285714285715,86.85714285714286
466,2021-05-12,7051,106,6052.571428571428,93.42857142857143
467,2021-05-13,6874,101,6410.285714285715,98.57142857142857
468,2021-05-14,6262,81,6440.571428571428,89.0
469,2021-05-15,6417,94,6323.285714285715,90.14285714285714
470,2021-05-16,5256,47,6147.857142857143,87.57142857142857
471,2021-05-17,3677,122,5967.428571428572,94.85714285714286
472,2021-05-18,5224,216,5823.0,109.57142857142857
473,2021-05-19,5791,97,5643.0,108.28571428571429
474,2021-05-20,5712,105,5477.0,108.85714285714286
475,2021-05-21,5245,112,5331.714285714285,113.28571428571429
476,2021-05-22,5035,83,5134.285714285715,111.71428571428571
477,2021-05-23,4039,62,4960.428571428572,113.85714285714286
478,2021-05-24,2711,85,4822.428571428572,108.57142857142857
479,2021-05-25,3892,104,4632.142857142857,92.57142857142857
480,2021-05-26,4533,116,4452.428571428572,95.28571428571429
481,2021-05-27,4132,119,4226.714285714285,97.28571428571429
482,2021-05-28,3703,95,4006.4285714285716,94.85714285714286
483,2021-05-29,3593,91,3800.4285714285716,96.0
484,2021-05-30,2874,49,3634.0,94.14285714285714
485,2021-05-31,1791,80,3502.5714285714284,93.42857142857143
486,2021-06-01,2639,101,3323.5714285714284,93.0
487,2021-06-02,3034,113,3109.4285714285716,92.57142857142857
488,2021-06-03,2831,111,2923.5714285714284,91.42857142857143
489,2021-06-04,2592,86,2764.8571428571427,90.14285714285714
490,2021-06-05,2650,64,2630.1428571428573,86.28571428571429
491,2021-06-06,2020,50,2508.1428571428573,86.42857142857143
492,2021-06-07,1280,75,2435.1428571428573,85.71428571428571
493,2021-06-08,1881,99,2326.8571428571427,85.42857142857143
494,2021-06-09,2238,96,2213.1428571428573,83.0
495,2021-06-10,2042,71,2100.4285714285716,77.28571428571429
496,2021-06-11,1934,63,2006.4285714285713,74.0
497,2021-06-12,1941,55,1905.142857142857,72.71428571428571
498,2021-06-13,1382,32,1814.0,70.14285714285714
499,2021-06-14,933,60,1764.4285714285713,68.0
500,2021-06-15,1417,67,1698.142857142857,63.42857142857143
501,2021-06-16,1707,80,1622.2857142857142,61.142857142857146
502,2021-06-17,1550,47,1552.0,57.714285714285715
503,2021-06-18,1620,48,1507.142857142857,55.57142857142857
504,2021-06-19,1518,28,1446.7142857142858,51.714285714285715
505,2021-06-20,1306,20,1435.857142857143,50.0
506,2021-06-21,868,35,1426.5714285714287,46.42857142857143
507,2021-06-22,1435,44,1429.142857142857,43.142857142857146
508,2021-06-23,1780,59,1439.5714285714287,40.142857142857146
509,2021-06-24,1674,42,1457.2857142857142,39.42857142857143
510,2021-06-25,1710,31,1470.142857142857,37.0
511,2021-06-26,1631,29,1486.2857142857142,37.142857142857146
512,2021-06-27,1282,10,1482.857142857143,35.714285714285715
513,2021-06-28,1001,38,1501.857142857143,36.142857142857146
514,2021-06-29,1380,30,1494.0,34.142857142857146
515,2021-06-30,1820,41,1499.7142857142858,31.571428571428573
516,2021-07-01,1754,24,1511.142857142857,29.0
517,2021-07-02,1775,25,1520.4285714285713,28.142857142857142
518,2021-07-03,1878,9,1555.7142857142858,25.285714285714285
519,2021-07-04,1485,6,1584.7142857142858,24.714285714285715
520,2021-07-05,1029,19,1588.7142857142858,22.0
521,2021-07-06,1668,22,1629.857142857143,20.857142857142858
522,2021-07-07,2189,14,1682.5714285714287,17.0
523,2021-07-08,2246,17,1752.857142857143,16.0
524,2021-07-09,2276,20,1824.4285714285713,15.285714285714286
525,2021-07-10,2458,11,1907.2857142857142,15.571428571428571
526,2021-07-11,2030,6,1985.142857142857,15.571428571428571
527,2021-07-12,1505,3,2053.1428571428573,13.285714285714286
528,2021-07-13,2384,18,2155.4285714285716,12.714285714285714
529,2021-07-14,3192,20,2298.714285714286,13.571428571428571
530,2021-07-15,3418,22,2466.1428571428573,14.285714285714286
531,2021-07-16,3433,10,2631.4285714285716,12.857142857142858
532,2021-07-17,3886,16,2835.4285714285716,13.571428571428571
533,2021-07-18,3101,4,2988.4285714285716,13.285714285714286
534,2021-07-19,2328,12,3106.0,14.571428571428571
535,2021-07-20,3759,20,3302.4285714285716,14.857142857142858
536,2021-07-21,4949,20,3553.4285714285716,14.857142857142858
537,2021-07-22,5399,6,3836.4285714285716,12.571428571428571
538,2021-07-23,4234,8,3950.8571428571427,12.285714285714286
539,2021-07-24,3594,8,3909.1428571428573,11.142857142857142
540,2021-07-25,5039,4,4186.0,11.142857142857142
541,2021-07-26,4709,12,4526.142857142857,11.142857142857142
542,2021-07-27,7670,12,5084.857142857143,10.0
543,2021-07-28,9628,9,5753.285714285715,8.428571428571429
544,2021-07-29,10752,14,6518.0,9.571428571428571
545,2021-07-30,10831,9,7460.428571428572,9.714285714285714
546,2021-07-31,12422,9,8721.57142857143,9.857142857142858
547,2021-08-01,10248,5,9465.714285714286,10.0
548,2021-08-02,8478,11,10004.142857142857,9.857142857142858
549,2021-08-03,12101,10,10637.142857142857,9.571428571428571
550,2021-08-04,14312,14,11306.285714285714,10.285714285714286
551,2021-08-05,15317,8,11958.42857142857,9.428571428571429
552,2021-08-06,15807,20,12669.285714285714,11.0
553,2021-08-07,15821,14,13154.857142857143,11.714285714285714
554,2021-08-08,14526,9,13766.0,12.285714285714286
555,2021-08-09,12178,12,14294.57142857143,12.428571428571429
556,2021-08-10,10733,19,14099.142857142857,13.714285714285714
557,2021-08-11,16028,20,14344.285714285714,14.571428571428571
558,2021-08-12,19034,24,14875.285714285714,16.857142857142858
559,2021-08-13,20496,25,15545.142857142857,17.571428571428573
560,2021-08-14,20303,18,16185.42857142857,18.142857142857142
561,2021-08-15,17888,10,16665.714285714286,18.285714285714285
562,2021-08-16,15007,27,17069.85714285714,20.428571428571427
563,2021-08-17,20105,47,18408.714285714286,24.428571428571427
564,2021-08-18,24096,30,19561.285714285714,25.857142857142858
565,2021-08-19,25341,28,20462.285714285714,26.428571428571427
566,2021-08-20,25992,36,21247.428571428572,28.0
567,2021-08-21,25662,34,22013.0,30.285714285714285
568,2021-08-22,22345,24,22649.714285714286,32.285714285714285
569,2021-08-23,16924,32,22923.571428571428,33.0
570,2021-08-24,21669,42,23147.0,32.285714285714285
571,2021-08-25,24411,45,23192.0,34.42857142857143
572,2021-08-26,25038,52,23148.714285714286,37.857142857142854
573,2021-08-27,24319,57,22909.714285714286,40.857142857142854
574,2021-08-28,22859,42,22509.285714285714,42.0
575,2021-08-29,19337,49,22079.571428571428,45.57142857142857
576,2021-08-30,13674,46,21615.285714285714,47.57142857142857
577,2021-08-31,17719,64,21051.0,50.714285714285715
578,2021-09-01,20028,71,20424.85714285714,54.42857142857143
579,2021-09-02,18216,65,19450.285714285714,56.285714285714285
580,2021-09-03,16721,64,18364.85714285714,57.285714285714285
581,2021-09-04,16014,60,17387.0,59.857142857142854
582,2021-09-05,12907,31,16468.428571428572,57.285714285714285
583,2021-09-06,8224,40,15689.857142857143,56.42857142857143
584,2021-09-07,10607,62,14673.857142857143,56.142857142857146
585,2021-09-08,12388,89,13582.42857142857,58.714285714285715
586,2021-09-09,10396,88,12465.285714285714,62.0
587,2021-09-10,8859,68,11342.142857142857,62.57142857142857
588,2021-09-11,8802,56,10311.857142857143,62.0
589,2021-09-12,7213,41,9498.42857142857,63.42857142857143
590,2021-09-13,4173,49,8919.714285714286,64.71428571428571
591,2021-09-14,6279,55,8301.42857142857,63.714285714285715
592,2021-09-15,6809,74,7504.428571428572,61.57142857142857
593,2021-09-16,5691,63,6832.285714285715,58.0
594,2021-09-17,5113,64,6297.142857142857,57.42857142857143
595,2021-09-18,4700,63,5711.142857142857,58.42857142857143
596,2021-09-19,3396,41,5165.857142857143,58.42857142857143
597,2021-09-20,2221,23,4887.0,54.714285714285715
598,2021-09-21,1770,47,4242.857142857143,53.57142857142857
599,2021-09-22,3243,54,3733.4285714285716,50.714285714285715
600,2021-09-23,3601,49,3434.8571428571427,48.714285714285715
601,2021-09-24,2095,45,3003.714285714286,46.0
602,2021-09-25,2670,33,2713.714285714286,41.714285714285715
603,2021-09-26,2136,21,2533.714285714286,38.857142857142854
604,2021-09-27,1148,28,2380.4285714285716,39.57142857142857
605,2021-09-28,1722,50,2373.5714285714284,40.0
606,2021-09-29,1983,48,2193.5714285714284,39.142857142857146
607,2021-09-30,1575,42,1904.142857142857,38.142857142857146
608,2021-10-01,1444,34,1811.142857142857,36.57142857142857
609,2021-10-02,1243,32,1607.2857142857142,36.42857142857143
610,2021-10-03,967,17,1440.2857142857142,35.857142857142854
611,2021-10-04,599,24,1361.857142857143,35.285714285714285
612,2021-10-05,979,36,1255.7142857142858,33.285714285714285
613,2021-10-06,1125,26,1133.142857142857,30.142857142857142
614,2021-10-07,972,39,1047.0,29.714285714285715
615,2021-10-08,827,46,958.8571428571429,31.428571428571427
616,2021-10-09,774,24,891.8571428571429,30.285714285714285
617,2021-10-10,553,10,832.7142857142857,29.285714285714285
618,2021-10-11,369,20,799.8571428571429,28.714285714285715
619,2021-10-12,607,30,746.7142857142857,27.857142857142858
620,2021-10-13,731,33,690.4285714285714,28.857142857142858
621,2021-10-14,617,33,639.7142857142857,28.0
622,2021-10-15,517,23,595.4285714285714,24.714285714285715
623,2021-10-16,500,13,556.2857142857143,23.142857142857142
624,2021-10-17,428,13,538.4285714285714,23.571428571428573
625,2021-10-18,230,17,518.5714285714286,23.142857142857142
626,2021-10-19,371,27,484.85714285714283,22.714285714285715
627,2021-10-20,388,10,435.85714285714283,19.428571428571427
628,2021-10-21,343,16,396.7142857142857,17.0
629,2021-10-22,324,12,369.14285714285717,15.428571428571429
630,2021-10-23,283,5,338.14285714285717,14.285714285714286
631,2021-10-24,232,8,310.14285714285717,13.571428571428571
632,2021-10-25,151,7,298.85714285714283,12.142857142857142
633,2021-10-26,310,15,290.14285714285717,10.428571428571429
634,2021-10-27,310,7,279.0,10.0
635,2021-10-28,273,9,269.0,9.0
636,2021-10-29,292,16,264.42857142857144,9.571428571428571
637,2021-10-30,284,7,264.57142857142856,9.857142857142858
638,2021-10-31,228,7,264.0,9.714285714285714
639,2021-11-01,84,7,254.42857142857142,9.714285714285714
640,2021-11-02,221,7,241.71428571428572,8.571428571428571
641,2021-11-03,264,8,235.14285714285714,8.714285714285714
642,2021-11-04,158,6,218.71428571428572,8.285714285714286
643,2021-11-05,225,12,209.14285714285714,7.714285714285714
644,2021-11-06,230,2,201.42857142857142,7.0
645,2021-11-07,157,0,191.28571428571428,6.0
646,2021-11-08,100,3,193.57142857142858,5.428571428571429
647,2021-11-09,194,3,189.71428571428572,4.857142857142857
648,2021-11-10,227,3,184.42857142857142,4.142857142857143
649,2021-11-11,215,4,192.57142857142858,3.857142857142857
650,2021-11-12,201,1,189.14285714285714,2.2857142857142856
651,2021-11-13,194,1,184.0,2.142857142857143
652,2021-11-14,145,2,182.28571428571428,2.4285714285714284
653,2021-11-15,78,1,179.14285714285714,2.142857142857143
654,2021-11-16,151,4,173.0,2.2857142857142856
655,2021-11-17,204,5,169.71428571428572,2.5714285714285716
656,2021-11-18,148,5,160.14285714285714,2.7142857142857144
657,2021-11-19,153,0,153.28571428571428,2.5714285714285716
658,2021-11-20,104,5,140.42857142857142,3.142857142857143
659,2021-11-21,157,0,142.14285714285714,2.857142857142857
660,2021-11-22,49,2,138.0,3.0
661,2021-11-23,111,2,132.28571428571428,2.7142857142857144
662,2021-11-24,77,2,114.14285714285714,2.2857142857142856
663,2021-11-25,119,2,110.0,1.8571428571428572
664,2021-11-26,121,2,105.42857142857143,2.142857142857143
665,2021-11-27,125,1,108.42857142857143,1.5714285714285714
666,2021-11-28,72,0,96.28571428571429,1.5714285714285714
667,2021-11-29,82,1,101.0,1.4285714285714286
668,2021-11-30,89,2,97.85714285714286,1.4285714285714286
669,2021-12-01,115,1,103.28571428571429,1.2857142857142858
670,2021-12-02,117,1,103.0,1.1428571428571428
671,2021-12-03,158,1,108.28571428571429,1.0
672,2021-12-04,120,0,107.57142857142857,0.8571428571428571
673,2021-12-05,104,0,112.14285714285714,0.8571428571428571
674,2021-12-06,81,1,112.0,0.8571428571428571
675,2021-12-07,111,2,115.14285714285714,0.8571428571428571
676,2021-12-08,135,3,118.0,1.1428571428571428
677,2021-12-09,154,1,123.28571428571429,1.1428571428571428
678,2021-12-10,146,1,121.57142857142857,1.1428571428571428
679,2021-12-11,137,1,124.0,1.2857142857142858
680,2021-12-12,135,0,128.42857142857142,1.2857142857142858
681,2021-12-13,77,1,127.85714285714286,1.2857142857142858
682,2021-12-14,139,1,131.85714285714286,1.1428571428571428
683,2021-12-15,159,1,135.28571428571428,0.8571428571428571
684,2021-12-16,175,3,138.28571428571428,1.1428571428571428
685,2021-12-17,187,0,144.14285714285714,1.0
686,2021-12-18,200,0,153.14285714285714,0.8571428571428571
687,2021-12-19,173,0,158.57142857142858,0.8571428571428571
688,2021-12-20,134,1,166.71428571428572,0.8571428571428571
689,2021-12-21,259,2,183.85714285714286,1.0
690,2021-12-22,251,2,197.0,1.1428571428571428
691,2021-12-23,288,2,213.14285714285714,1.0
692,2021-12-24,346,0,235.85714285714286,1.0
693,2021-12-25,319,1,252.85714285714286,1.1428571428571428
694,2021-12-26,263,0,265.7142857142857,1.1428571428571428
695,2021-12-27,214,0,277.14285714285717,1.0
696,2021-12-28,313,2,284.85714285714283,1.0
697,2021-12-29,467,4,315.7142857142857,1.2857142857142858
698,2021-12-30,535,0,351.0,1.0
699,2021-12-31,497,0,372.57142857142856,1.0
